,PLAYER,TEAM,GP,W,L,MIN,DREB,CONTESTED_DREB,CONTEST_DREB%,DREB_CHANCES,DREB_CHANCE%,DEFER_DREB_CHANCE,ADJ_DREB_CHANCE%,AVG_DREB_DIST
0,Aaron Brooks,MIN,32,19,13,5.9,0.3,0.1,20.0,0.6,50.0,0.2,66.7,7.2
1,Aaron Gordon,ORL,58,19,39,32.9,6.4,1.6,25.7,9.9,64.2,0.6,68.3,5.6
2,Aaron Harrison,DAL,9,2,7,25.9,2.2,0.2,10.0,4.0,55.6,0.2,58.8,10.5
3,Abdel Nader,BOS,47,32,15,11.1,1.2,0.3,24.1,1.8,68.2,0.2,75.3,7.2
4,Adreian Payne,ORL,5,0,5,8.5,1.4,0.4,28.6,2.2,63.6,0.0,63.6,4.2
5,Al Horford,BOS,69,44,25,31.5,5.9,1.7,27.9,9.5,62.4,0.6,66.3,5.9
6,Al Jefferson,IND,36,17,19,13.4,3.1,1.0,32.7,5.2,60.8,0.4,65.3,4.4
7,Al-Farouq Aminu,POR,69,40,29,30.0,6.2,1.6,26.2,9.7,63.7,0.6,67.8,5.2
8,Alan Williams,PHX,5,1,4,14.1,3.8,1.0,26.3,6.2,61.3,0.0,61.3,3.4
9,Alec Burks,UTA,64,37,27,16.5,2.7,0.5,18.5,4.3,62.5,0.3,67.6,6.0
10,Alec Peters,PHX,20,2,18,11.2,1.5,0.4,24.1,2.1,69.0,0.1,72.5,5.7
11,Alex Abrines,OKC,72,42,30,15.1,1.2,0.3,22.4,2.4,48.9,0.2,53.8,8.3
12,Alex Caruso,LAL,37,16,21,15.2,1.4,0.2,12.0,2.4,56.8,0.2,61.7,10.1
13,Alex Len,PHX,69,20,49,20.2,5.0,1.8,35.9,8.5,58.3,0.4,61.6,4.1
14,Alex Poythress,IND,25,10,15,4.2,0.4,0.1,20.0,0.6,62.5,0.0,62.5,8.6
15,Alfonzo McKinnie,TOR,14,13,1,3.8,0.4,0.2,50.0,0.8,54.5,0.2,75.0,3.6
16,Allen Crabbe,BKN,73,24,49,29.2,3.9,0.7,17.0,6.3,63.0,0.3,66.2,6.8
17,Amir Johnson,PHI,74,47,27,15.8,2.8,1.0,37.2,5.5,50.5,0.7,57.8,5.4
18,Andre Drummond,DET,78,37,41,33.7,10.9,3.8,35.4,15.9,68.4,0.8,72.0,3.5
19,Andre Iguodala,GSW,63,45,18,25.4,3.0,0.7,22.1,5.8,52.3,0.4,56.7,7.7
20,Andre Ingram,LAL,2,1,1,32.1,2.5,0.0,0.0,3.5,71.4,0.5,83.3,10.6
21,Andre Roberson,OKC,36,24,12,26.5,2.8,0.8,27.5,5.4,52.8,0.4,57.3,6.1
22,Andrew Bogut,LAL,24,7,17,9.0,2.2,0.7,32.7,3.4,64.2,0.3,69.3,4.7
23,Andrew Harrison,MEM,55,16,39,23.8,1.9,0.3,16.0,3.8,50.7,0.3,55.5,9.7
24,Andrew White III,ATL,15,1,14,13.9,2.0,0.1,3.3,3.4,58.8,0.3,63.8,7.9
25,Andrew Wiggins,MIN,82,47,35,36.3,3.4,0.8,22.5,6.4,52.9,0.5,57.7,6.5
26,Ante Zizic,CLE,32,21,11,6.7,1.1,0.3,27.8,2.1,53.7,0.2,58.1,5.0
27,Anthony Brown,MIN,1,0,1,3.7,0.0,0.0,0.0,0.0,0.0,2.0,0.0,0.0
28,Anthony Davis,NOP,73,44,29,36.2,8.5,2.9,33.8,13.2,64.4,0.7,67.8,4.8
29,Anthony Tolliver,DET,79,37,42,22.2,2.4,0.6,26.2,5.3,45.4,0.5,50.0,7.5
30,Antonio Blakeney,CHI,19,3,16,16.5,1.5,0.1,6.9,2.9,51.8,0.2,55.8,6.3
31,Antonius Cleveland,ATL,17,7,10,7.2,0.6,0.2,27.3,1.1,57.9,0.1,64.7,7.3
32,Aron Baynes,BOS,78,51,27,18.4,3.7,1.3,35.3,7.0,53.4,0.7,59.6,4.5
33,Arron Afflalo,ORL,53,16,37,12.9,1.2,0.2,21.0,1.9,62.0,0.2,70.5,8.7
34,Austin Rivers,LAC,61,30,31,33.7,1.9,0.3,15.3,4.4,44.4,0.5,50.4,8.4
35,Avery Bradley,LAC,46,22,24,31.2,2.0,0.2,10.6,3.7,55.6,0.4,63.1,7.3
36,Bam Adebayo,MIA,68,33,35,19.8,3.8,1.2,31.9,6.1,62.5,0.4,66.7,5.5
37,Ben McLemore,MEM,56,7,49,19.5,1.9,0.1,7.6,3.5,53.3,0.5,62.1,7.6
38,Ben Moore,IND,2,1,1,4.6,0.5,0.0,0.0,1.0,50.0,0.0,50.0,9.7
39,Ben Simmons,PHI,80,51,29,33.8,6.4,1.3,19.7,9.7,65.9,0.4,69.0,6.6
40,Bismack Biyombo,ORL,82,25,57,18.2,4.0,1.3,32.4,7.1,55.7,0.4,59.2,4.3
41,Blake Griffin,DET,58,28,30,34.0,6.1,1.4,23.7,10.3,59.4,0.7,63.5,4.7
42,Boban Marjanovic,LAC,39,18,21,8.7,2.5,0.9,36.5,3.9,63.6,0.4,70.1,3.8
43,Bobby Brown,HOU,20,17,3,5.7,0.4,0.0,0.0,0.6,63.6,0.1,70.0,16.3
44,Bobby Portis,CHI,73,25,48,22.5,4.6,0.9,19.5,7.4,62.7,0.5,66.9,4.8
45,Bogdan Bogdanovic,SAC,78,26,52,27.9,2.5,0.5,19.3,4.7,52.6,0.5,58.7,7.5
46,Bojan Bogdanovic,IND,80,47,33,30.8,3.0,0.5,15.0,4.9,60.8,0.3,64.9,7.1
47,Bradley Beal,WAS,82,43,39,36.3,3.7,0.7,18.9,6.4,58.0,0.3,61.3,8.1
48,Brandan Wright,HOU,27,10,17,13.7,2.2,1.0,47.5,4.3,50.9,0.3,54.1,5.6
49,Brandon Ingram,LAL,59,27,32,33.5,4.4,1.0,22.2,7.1,61.6,0.4,65.7,6.5
50,Brandon Jennings,MIL,14,8,6,14.7,1.9,0.1,3.8,3.4,55.3,0.1,57.8,8.6
51,Brandon Paul,SAS,64,38,26,9.0,1.0,0.2,17.7,1.9,52.1,0.2,57.4,8.0
52,Briante Weber,MEM,18,8,10,13.1,1.5,0.3,18.5,2.4,62.8,0.1,65.9,7.6
53,Brice Johnson,MEM,18,2,16,5.4,1.2,0.5,40.9,1.5,81.5,0.1,84.6,3.7
54,Brook Lopez,LAL,74,34,40,23.4,3.0,1.3,45.0,5.8,51.4,0.5,56.0,6.1
55,Bruno Caboclo,SAC,12,4,8,8.9,1.3,0.4,33.3,2.6,48.4,0.3,55.6,5.4
56,Bryn Forbes,SAS,80,46,34,19.0,1.2,0.2,14.3,2.5,49.5,0.3,56.0,9.6
57,Buddy Hield,SAC,80,27,53,25.3,3.2,0.3,9.9,5.5,57.5,0.4,62.4,7.1
58,C.J. Williams,LAC,38,17,21,18.6,1.2,0.2,20.5,2.3,50.0,0.2,55.7,9.7
59,CJ McCollum,POR,81,48,33,36.1,3.3,0.5,14.2,5.8,56.8,0.4,60.5,9.9
60,CJ Miles,TOR,70,50,20,19.1,1.9,0.3,17.9,3.2,59.6,0.1,61.5,9.1
61,Caleb Swanigan,POR,27,16,11,7.0,1.4,0.4,25.6,2.4,60.9,0.3,69.6,4.4
62,Cameron Payne,CHI,25,7,18,23.3,2.0,0.2,7.8,3.6,56.7,0.3,62.2,8.6
63,Caris LeVert,BKN,69,24,45,26.1,2.9,0.6,18.8,4.9,59.6,0.4,64.3,6.8
64,Carmelo Anthony,OKC,75,46,29,32.0,4.9,1.0,19.9,8.6,56.6,0.5,60.1,5.2
65,Cedi Osman,CLE,61,35,26,11.0,1.7,0.2,13.9,2.4,69.7,0.2,76.5,6.0
66,Chandler Parsons,MEM,35,11,24,19.3,2.1,0.3,13.7,3.6,58.4,0.2,62.4,6.9
67,Channing Frye,LAL,53,28,25,13.1,2.3,0.7,30.1,4.3,54.2,0.4,60.0,4.8
68,Charles Cooke,NOP,13,8,5,2.9,0.2,0.1,50.0,0.2,100,0.0,100,7.2
69,Cheick Diallo,NOP,52,29,23,11.2,3.2,0.9,28.0,5.2,61.2,0.3,64.6,4.2
70,Chinanu Onuaku,HOU,1,0,1,21.6,3.0,1.0,33.3,8.0,37.5,1.0,42.9,3.8
71,Chris Boucher,GSW,1,1,0,1.3,1.0,0.0,0.0,1.0,100,0.0,100,0.9
72,Chris McCullough,WAS,19,11,8,4.7,0.9,0.2,16.7,1.4,66.7,0.3,81.8,4.2
73,Chris Paul,HOU,58,50,8,31.8,4.8,0.8,16.3,8.7,54.5,0.8,59.9,7.1
74,Clint Capela,HOU,73,62,11,27.5,7.6,2.3,29.7,11.6,65.7,0.7,69.8,4.5
75,Cody Zeller,CHA,33,14,19,19.0,3.3,1.3,39.1,5.8,57.0,0.4,60.8,5.3
76,Cole Aldrich,MIN,21,14,7,2.3,0.6,0.1,16.7,0.7,80.0,0.1,92.3,2.8
77,Corey Brewer,OKC,72,32,40,16.8,1.5,0.3,19.8,2.7,57.2,0.3,64.5,7.8
78,Cory Joseph,IND,82,48,34,27.0,2.7,0.5,18.8,5.2,52.7,0.4,57.6,8.4
79,Courtney Lee,NYK,75,26,49,30.4,2.5,0.3,13.7,4.3,59.6,0.3,64.2,9.9
80,Cristiano Felicio,CHI,55,13,42,17.8,2.7,0.9,33.3,4.8,56.8,0.4,62.5,4.8
81,D'Angelo Russell,BKN,48,16,32,25.7,3.3,0.4,11.3,5.5,60.0,0.3,63.6,7.0
82,D.J. Augustin,ORL,75,23,52,23.5,1.7,0.2,10.0,3.4,51.0,0.3,56.8,10.4
83,D.J. Wilson,MIL,22,12,10,3.2,0.4,0.1,25.0,0.4,88.9,0.0,88.9,4.7
84,Dakari Johnson,OKC,29,21,8,5.0,0.5,0.2,40.0,1.3,39.5,0.1,44.1,8.5
85,Damian Jones,GSW,15,7,8,5.9,0.6,0.2,33.3,1.7,36.0,0.3,45.0,4.7
86,Damian Lillard,POR,73,44,29,36.6,3.6,0.5,12.5,6.4,56.3,0.4,60.0,8.5
87,Damien Wilkins,IND,19,10,9,8.0,0.6,0.1,9.1,0.9,64.7,0.1,73.3,6.3
88,Damion Lee,ATL,15,4,11,27.0,4.0,0.5,11.7,6.2,64.5,0.3,67.4,7.1
89,Damyean Dotson,NYK,44,11,33,10.8,1.7,0.3,14.7,2.5,69.4,0.1,72.8,6.7
90,Daniel Hamilton,OKC,6,5,1,4.6,0.8,0.0,0.0,1.5,55.6,0.2,62.5,3.8
91,Daniel Theis,BOS,60,41,19,14.9,2.9,1.4,48.6,5.1,56.2,0.5,62.5,4.3
92,Danilo Gallinari,LAC,21,11,10,32.0,4.4,1.1,25.0,7.4,59.0,0.7,64.8,6.7
93,Danny Green,SAS,70,40,30,25.6,3.0,0.5,16.8,5.7,52.4,0.5,57.3,6.0
94,Dante Cunningham,BKN,71,33,38,21.4,3.0,0.8,26.4,5.6,52.9,0.4,56.4,6.1
95,Dante Exum,UTA,14,10,4,16.8,1.6,0.3,18.2,3.5,44.9,0.0,44.9,5.5
96,Danuel House,PHX,23,6,17,17.5,2.7,0.3,12.7,4.0,69.2,0.3,75.0,7.3
97,Dario Saric,PHI,77,49,28,29.6,4.7,1.1,23.4,9.1,51.8,0.8,56.7,5.0
98,Darius Miller,NOP,80,47,33,23.8,1.7,0.4,25.4,3.5,49.1,0.4,55.2,8.6
99,Darrell Arthur,DEN,19,12,7,7.4,0.6,0.4,58.3,1.5,42.9,0.2,50.0,4.4
100,Darren Collison,IND,69,39,30,29.3,2.0,0.2,8.5,3.8,53.4,0.2,57.1,11.1
101,Darrun Hilliard,SAS,14,8,6,6.8,0.5,0.1,28.6,1.1,46.7,0.1,53.8,7.5
102,David Nwaba,CHI,70,26,44,23.5,3.4,0.6,18.6,6.2,55.0,0.6,60.9,6.9
103,David Stockton,UTA,3,3,0,3.1,0.0,0.0,0.0,0.0,0.0,0.3,0.0,0.0
104,David West,GSW,72,51,21,13.7,2.4,0.9,39.1,4.4,54.9,0.5,62.4,5.3
105,Davis Bertans,SAS,77,43,34,14.1,1.8,0.5,31.1,3.4,51.3,0.2,54.9,5.4
106,Davon Reed,PHX,21,2,19,11.5,1.8,0.1,8.1,3.0,58.7,0.3,66.1,5.9
107,De'Aaron Fox,SAC,73,24,49,27.7,2.3,0.3,11.1,4.5,52.3,0.3,56.3,9.0
108,DeAndre Jordan,LAC,77,39,38,31.5,10.9,2.7,24.7,15.5,70.3,0.7,73.6,4.5
109,DeAndre Liggins,NOP,57,34,23,12.4,1.2,0.4,29.9,1.9,60.9,0.2,68.4,6.5
110,DeAndre' Bembry,ATL,25,8,17,18.2,2.6,0.6,21.9,4.3,59.3,0.3,63.4,7.3
111,DeMar DeRozan,TOR,80,57,23,33.9,3.2,0.5,15.2,5.4,59.8,0.4,64.0,8.9
112,DeMarcus Cousins,NOP,46,26,20,36.5,10.8,3.6,33.3,16.1,67.0,0.7,70.0,4.2
113,DeMarre Carroll,BKN,71,24,47,29.9,5.1,1.2,23.3,8.8,57.7,0.6,62.2,6.1
114,Dejounte Murray,SAS,81,47,34,21.5,4.3,0.7,17.2,7.3,58.7,0.5,63.2,5.7
115,Delon Wright,TOR,69,49,20,20.8,2.2,0.3,11.8,4.1,53.9,0.3,58.2,8.2
116,Demetrius Jackson,PHI,14,12,2,5.5,0.5,0.1,14.3,0.8,63.6,0.2,87.5,8.2
117,Dennis Schroder,ATL,66,21,45,30.9,2.5,0.2,9.2,4.7,52.2,0.4,57.2,9.2
118,Dennis Smith Jr.,DAL,69,22,47,29.7,3.0,0.5,16.2,6.1,49.8,0.6,54.7,7.5
119,Denzel Valentine,CHI,77,26,51,27.2,4.5,0.8,18.3,7.6,59.0,0.7,64.8,6.0
120,Derrick Favors,UTA,77,46,31,28.0,4.6,1.8,38.1,8.3,55.5,0.6,59.6,4.7
121,Derrick Jones Jr.,MIA,20,9,11,12.3,0.9,0.0,0.0,1.7,51.5,0.1,54.8,7.4
122,Derrick Rose,MIN,25,15,10,16.8,0.9,0.2,27.3,1.7,52.4,0.2,61.1,9.7
123,Derrick Walton Jr.,MIA,16,8,8,9.2,0.9,0.2,21.4,1.8,48.3,0.3,58.3,8.5
124,Derrick White,SAS,17,7,10,8.2,1.2,0.5,38.1,1.9,63.6,0.1,65.6,4.9
125,Derrick Williams,LAL,2,1,1,4.3,0.5,0.0,0.0,0.5,100,0.0,100,3.5
126,Devin Booker,PHX,54,16,38,34.5,4.0,0.4,11.0,6.9,58.4,0.6,63.7,7.8
127,Devin Harris,DEN,71,33,38,18.9,1.6,0.4,22.6,2.9,55.6,0.3,61.2,8.5
128,Devin Robinson,WAS,1,0,1,13.2,3.0,1.0,33.3,4.0,75.0,0.0,75.0,5.6
129,Dewayne Dedmon,ATL,61,18,43,24.9,6.2,2.0,31.2,9.6,65.0,0.4,67.7,4.4
130,Deyonta Davis,MEM,62,16,46,15.2,2.8,0.9,32.6,5.0,56.6,0.4,61.4,4.8
131,Dillon Brooks,MEM,81,21,60,28.7,2.6,0.6,22.6,4.7,55.2,0.3,59.4,6.9
132,Dion Waiters,MIA,29,15,14,30.8,2.3,0.2,8.8,4.4,52.7,0.3,57.1,9.3
133,Dirk Nowitzki,DAL,77,24,53,24.7,5.4,1.9,34.6,8.8,61.4,0.6,66.3,4.3
134,Domantas Sabonis,IND,74,45,29,24.5,5.5,1.8,33.4,9.3,59.0,0.6,63.0,4.1
135,Donovan Mitchell,UTA,79,46,33,33.4,3.1,0.6,18.0,5.8,53.0,0.4,56.6,8.4
136,Dorian Finney-Smith,DAL,21,4,17,21.3,2.5,0.7,26.4,4.7,54.1,0.7,63.1,4.8
137,Doug McDermott,DAL,80,29,51,21.7,2.0,0.5,25.2,3.6,55.2,0.4,61.4,6.5
138,Dragan Bender,PHX,82,21,61,25.2,3.9,0.9,24.0,7.2,54.0,0.7,59.6,4.8
139,Draymond Green,GSW,69,47,22,32.6,6.6,1.9,28.8,11.4,57.6,0.6,61.0,5.0
140,Dwayne Bacon,CHA,53,25,28,13.5,2.3,0.5,22.5,3.4,67.0,0.2,71.4,6.0
141,Dwight Buycks,DET,29,10,19,14.7,1.0,0.1,10.3,2.6,38.2,0.3,43.3,8.2
142,Dwight Howard,CHA,81,35,46,30.4,9.3,2.9,31.3,13.8,67.7,0.8,72.1,3.8
143,Dwight Powell,DAL,79,23,56,21.2,3.9,1.1,26.9,6.6,59.2,0.6,65.2,5.3
144,Dwyane Wade,MIA,67,37,30,22.9,3.0,0.7,22.3,5.5,55.0,0.6,61.2,6.5
145,E'Twaun Moore,NOP,80,47,33,31.6,2.3,0.5,20.0,4.4,50.8,0.4,56.4,9.5
146,Ed Davis,POR,78,48,30,18.9,5.0,1.6,31.1,8.4,60.0,0.7,65.4,4.0
147,Edmond Sumner,IND,1,0,1,2.2,1.0,0.0,0.0,1.0,100,0.0,100,6.5
148,Ekpe Udoh,UTA,63,36,27,12.9,1.3,0.5,35.4,3.1,41.4,0.4,47.1,5.4
149,Elfrid Payton,PHX,63,13,50,28.7,3.3,0.4,12.4,5.4,62.1,0.3,65.4,8.0
150,Emeka Okafor,NOP,26,16,10,13.6,2.8,1.0,34.2,6.1,45.9,0.7,51.4,5.3
151,Emmanuel Mudiay,NYK,64,29,35,19.4,2.0,0.3,15.9,3.3,60.0,0.2,63.6,8.0
152,Enes Kanter,NYK,70,26,44,25.8,7.2,2.1,28.6,11.8,61.2,0.9,66.5,4.0
153,Eric Bledsoe,MIL,74,40,34,31.4,3.1,0.6,18.5,6.0,52.1,0.5,56.8,9.0
154,Eric Gordon,HOU,68,55,13,31.2,2.1,0.3,12.1,3.6,58.0,0.2,61.6,8.9
155,Eric Moreland,DET,67,32,35,12.0,2.9,0.9,29.9,5.0,58.3,0.3,62.1,4.1
156,Erik McCree,UTA,4,4,0,1.9,0.3,0.0,0.0,0.3,100,0.0,100,0.8
157,Ersan Ilyasova,PHI,69,36,33,25.1,4.2,1.2,30.0,7.1,58.8,0.4,62.4,5.4
158,Evan Fournier,ORL,57,20,37,32.2,2.8,0.5,17.2,5.3,52.3,0.5,57.7,8.1
159,Evan Turner,POR,79,48,31,25.7,2.7,0.7,27.6,5.1,53.5,0.6,60.6,5.7
160,Frank Kaminsky,CHA,79,35,44,23.2,3.1,0.6,18.2,5.4,56.8,0.5,62.1,6.1
161,Frank Mason,SAC,52,17,35,18.9,1.9,0.3,14.0,3.0,64.1,0.2,67.6,8.3
162,Frank Ntilikina,NYK,77,27,50,22.0,1.8,0.4,21.6,3.4,53.1,0.3,57.9,9.4
163,Fred VanVleet,TOR,76,55,21,20.0,2.1,0.3,15.7,4.3,48.8,0.3,52.5,8.8
164,Furkan Korkmaz,PHI,14,11,3,5.7,0.6,0.0,0.0,0.8,81.8,0.0,81.8,8.5
165,Garrett Temple,SAC,65,23,42,24.8,2.0,0.3,14.6,3.7,54.4,0.3,59.4,8.3
166,Gary Harris,DEN,67,37,30,34.4,2.1,0.3,13.7,3.4,60.7,0.2,65.3,9.3
167,Gary Payton II,LAL,23,10,13,9.6,1.3,0.3,19.4,2.3,57.4,0.1,60.8,4.5
168,George Hill,CLE,67,28,39,27.0,2.1,0.4,18.7,3.9,53.1,0.3,57.7,8.7
169,Georges Niang,UTA,9,9,0,3.5,0.7,0.0,0.0,0.8,85.7,0.0,85.7,7.6
170,Georgios Papagiannis,POR,17,3,14,7.2,1.4,0.5,37.5,2.4,58.5,0.0,58.5,3.8
171,Gerald Green,HOU,41,33,8,22.7,2.9,0.3,11.9,5.0,57.6,0.2,60.5,6.6
172,Gian Clavell,DAL,7,0,7,9.1,0.9,0.1,16.7,1.1,75.0,0.1,85.7,6.6
173,Giannis Antetokounmpo,MIL,74,39,35,36.7,7.9,1.9,24.5,12.3,64.6,0.7,68.3,5.7
174,Glenn Robinson III,IND,23,14,9,14.7,1.1,0.2,19.2,1.9,59.1,0.1,63.4,7.4
175,Goran Dragic,MIA,74,38,36,31.7,3.3,0.4,13.5,6.5,51.0,0.6,55.9,9.1
176,Gordon Hayward,BOS,1,0,1,5.3,1.0,0.0,0.0,2.0,50.0,0.0,50.0,21.8
177,Gorgui Dieng,MIN,79,45,34,16.9,3.2,1.0,31.1,5.5,58.5,0.3,61.8,5.3
178,Greg Monroe,BOS,50,21,29,20.5,4.7,1.7,36.2,7.1,66.0,0.5,70.8,3.9
179,Guerschon Yabusele,BOS,32,23,9,7.3,1.1,0.3,22.9,2.1,53.0,0.3,61.4,6.0
180,Harrison Barnes,DAL,77,24,53,34.2,5.1,1.0,18.9,8.6,59.3,0.7,65.0,6.1
181,Hassan Whiteside,MIA,54,30,24,25.3,8.2,3.0,36.9,12.4,66.4,0.8,70.7,3.5
182,Henry Ellenson,DET,38,21,17,8.7,1.9,0.5,25.4,3.2,58.7,0.2,63.4,5.4
183,Ian Clark,NOP,73,43,30,19.6,1.6,0.2,11.2,2.7,59.5,0.3,65.9,9.2
184,Ian Mahinmi,WAS,77,42,35,14.9,2.3,0.7,31.1,4.6,49.7,0.5,55.8,5.3
185,Ike Anigbogu,IND,11,5,6,2.7,0.4,0.1,25.0,1.3,28.6,0.2,33.3,9.3
186,Iman Shumpert,SAC,14,9,5,19.7,2.4,0.4,17.6,3.7,65.4,0.2,69.4,6.7
187,Isaiah Canaan,PHX,20,9,11,21.1,2.0,0.3,12.8,3.8,52.0,0.2,54.9,7.3
188,Isaiah Hicks,NYK,18,4,14,13.3,1.7,0.5,29.0,3.8,45.6,0.3,50.0,5.9
189,Isaiah Taylor,ATL,67,18,49,17.4,1.1,0.2,18.1,2.0,55.0,0.2,60.5,9.5
190,Isaiah Thomas,LAL,32,15,17,26.9,1.6,0.3,18.0,3.2,49.0,0.3,53.8,10.9
191,Isaiah Whitehead,BKN,15,2,13,10.9,1.2,0.3,27.8,1.8,66.7,0.1,72.0,8.0
192,Ish Smith,DET,82,39,43,24.9,2.4,0.4,16.8,5.0,48.5,0.5,54.6,8.6
193,Ivan Rabb,MEM,36,6,30,14.3,2.9,1.1,37.1,4.9,59.3,0.3,62.9,5.2
194,Ivica Zubac,LAL,43,19,24,9.5,1.8,0.7,38.5,3.3,55.7,0.3,60.9,4.0
195,J.J. Barea,DAL,69,23,46,23.2,2.7,0.2,9.1,4.6,58.1,0.4,63.1,8.4
196,JJ Redick,PHI,69,45,24,30.2,2.3,0.2,10.5,4.2,55.7,0.3,60.2,10.0
197,JR Smith,CLE,80,49,31,28.1,2.6,0.4,16.0,4.3,59.4,0.4,64.6,8.5
198,JaKarr Sampson,SAC,22,6,16,15.6,2.6,0.3,12.3,4.6,55.9,0.4,60.6,4.5
199,JaMychal Green,MEM,55,11,44,28.0,5.8,1.4,23.7,8.3,69.5,0.3,72.5,4.8
200,JaVale McGee,GSW,64,44,20,9.5,1.7,0.7,44.3,3.0,54.4,0.2,58.6,5.1
201,Jabari Bird,BOS,13,8,5,8.8,1.0,0.1,7.7,1.5,68.4,0.1,72.2,7.7
202,Jabari Parker,MIL,31,16,15,24.0,3.5,0.6,16.5,6.4,55.3,0.4,58.9,6.5
203,Jack Cooley,SAC,7,4,3,12.5,2.3,0.6,25.0,4.0,57.1,0.1,59.3,6.3
204,Jacob Pullen,PHI,3,2,1,2.0,0.0,0.0,0.0,0.0,0.0,0.0,0.0,0.0
205,Jacob Wiley,BKN,4,1,3,8.1,2.3,0.0,0.0,3.3,69.2,0.3,75.0,3.3
206,Jae Crowder,UTA,80,52,28,26.1,2.7,0.5,19.4,4.8,56.8,0.3,60.8,6.6
207,Jahlil Okafor,BKN,28,7,21,12.6,2.3,0.9,37.5,3.8,61.0,0.3,66.0,4.5
208,Jake Layman,POR,35,22,13,4.6,0.3,0.1,16.7,0.5,63.2,0.1,75.0,6.6
209,Jakob Poeltl,TOR,82,59,23,18.6,2.8,1.4,49.6,6.1,45.5,0.6,50.2,4.0
210,Jalen Jones,DAL,16,3,13,11.3,1.6,0.2,12.0,2.4,65.8,0.1,69.4,5.6
211,Jamal Crawford,MIN,80,45,35,20.7,1.0,0.0,3.8,1.7,58.2,0.1,61.9,11.6
212,Jamal Murray,DEN,81,46,35,31.7,2.7,0.5,17.2,5.1,51.8,0.4,56.3,7.8
213,Jameel Warney,DAL,3,1,2,9.0,1.7,0.3,20.0,2.0,83.3,0.0,83.3,5.1
214,Jameer Nelson,DET,49,24,25,20.3,1.8,0.2,12.2,3.1,60.0,0.3,67.7,8.2
215,Jamel Artis,ORL,15,4,11,18.6,2.3,0.6,26.5,3.9,58.6,0.3,64.2,6.9
216,James Ennis III,DET,71,24,47,22.1,2.0,0.5,25.4,3.7,53.4,0.2,57.0,5.6
217,James Harden,HOU,71,59,12,35.4,4.8,0.7,13.7,7.9,61.5,0.5,66.0,7.4
218,James Johnson,MIA,72,36,36,26.6,4.0,0.8,21.0,7.1,56.6,0.4,60.1,5.4
219,James Michael McAdoo,PHI,3,1,2,6.0,0.7,0.3,50.0,0.7,100,0.0,100,6.8
220,James Webb III,BKN,10,1,9,12.0,1.6,0.1,6.3,2.5,64.0,0.5,80.0,5.0
221,James Young,PHI,6,4,2,10.2,0.3,0.0,0.0,0.7,50.0,0.0,50.0,9.4
222,Jamil Wilson,LAC,15,6,9,18.3,1.9,0.5,24.1,4.5,42.6,0.3,46.0,6.4
223,Jared Dudley,PHX,48,7,41,14.3,1.8,0.3,18.6,3.8,47.5,0.3,51.5,7.1
224,Jarell Eddie,CHI,3,1,2,2.9,0.3,0.3,100,0.3,100,0.0,100,2.8
225,Jarell Martin,MEM,72,20,52,22.8,3.0,0.7,24.0,6.1,49.5,0.5,53.8,5.0
226,Jarrett Allen,BKN,70,24,46,20.0,3.4,0.9,26.7,6.6,51.4,0.5,55.8,4.9
227,Jarrett Jack,NYK,61,25,36,24.8,2.7,0.2,6.7,4.3,62.7,0.2,66.3,9.9
228,Jason Smith,WAS,33,15,18,8.6,1.1,0.4,40.0,2.0,53.8,0.2,58.3,4.9
229,Jason Terry,MIL,51,27,24,16.0,0.8,0.1,14.0,1.4,61.4,0.1,66.2,11.0
230,Jawun Evans,LAC,48,24,24,16.2,1.6,0.4,24.0,3.2,48.4,0.4,55.1,7.4
231,Jaylen Brown,BOS,67,44,23,30.6,4.0,0.9,22.3,6.5,62.0,0.4,65.9,6.2
232,Jaylen Morris,ATL,6,2,4,16.4,2.3,0.3,14.3,4.2,56.0,0.2,58.3,8.8
233,Jayson Tatum,BOS,77,50,27,30.7,4.4,0.8,18.5,7.1,62.3,0.4,65.8,6.5
234,Jeff Green,CLE,78,47,31,23.4,2.4,0.9,36.0,4.5,52.8,0.2,55.9,6.4
235,Jeff Teague,MIN,70,41,29,33.0,2.6,0.2,9.2,5.0,53.0,0.4,57.3,9.7
236,Jeff Withey,DAL,10,2,8,3.9,0.9,0.3,33.3,1.6,56.3,0.1,60.0,4.4
237,Jerami Grant,OKC,79,48,31,20.3,2.9,0.9,32.0,5.2,55.8,0.3,59.4,5.9
238,Jeremy Evans,ATL,1,0,1,5.4,0.0,0.0,0.0,0.0,0.0,0.0,0.0,0.0
239,Jeremy Lamb,CHA,80,36,44,24.6,3.4,0.6,16.7,5.6,61.4,0.5,66.7,5.8
240,Jeremy Lin,BKN,1,0,1,25.2,0.0,0.0,0.0,0.0,0.0,1.0,0.0,0.0
241,Jerian Grant,CHI,74,24,50,22.8,1.9,0.2,12.1,3.7,50.7,0.4,56.2,7.5
242,Jerryd Bayless,PHI,38,21,17,23.9,1.7,0.2,9.4,3.2,52.9,0.3,58.2,12.1
243,Jimmy Butler,MIN,59,37,22,36.7,4.0,1.0,25.1,6.8,58.6,0.6,64.7,7.7
244,Joakim Noah,NYK,7,1,6,5.7,1.1,0.4,37.5,2.1,53.3,0.3,61.5,2.8
245,Jodie Meeks,WAS,77,41,36,14.5,1.4,0.2,11.7,2.3,63.8,0.3,72.1,8.9
246,Joe Harris,BKN,77,26,51,25.3,2.7,0.6,21.5,5.1,52.6,0.4,57.1,7.4
247,Joe Ingles,UTA,82,48,34,31.4,3.9,0.5,12.8,6.0,65.4,0.3,69.3,8.2
248,Joe Johnson,HOU,55,35,20,21.9,2.9,0.5,16.5,4.9,58.3,0.3,62.2,6.4
249,Joe Young,IND,53,28,25,10.5,1.0,0.1,7.8,1.5,65.4,0.1,70.8,11.0
250,Joel Bolomboy,MIL,6,3,3,6.3,0.7,0.0,0.0,1.0,66.7,0.2,80.0,4.5
251,Joel Embiid,PHI,62,41,21,30.3,8.7,3.2,36.9,14.1,61.4,0.9,65.7,3.7
252,Joffrey Lauvergne,SAS,55,30,25,9.7,2.0,0.5,25.9,3.0,64.7,0.2,69.2,4.1
253,John Collins,ATL,73,21,52,24.1,4.9,1.7,34.3,9.5,51.8,0.9,56.9,4.0
254,John Henson,MIL,75,39,36,26.0,4.8,1.8,38.1,8.4,56.9,0.4,59.9,4.3
255,John Holland,CLE,24,17,7,7.3,0.8,0.2,22.2,1.5,50.0,0.1,52.9,8.2
256,John Wall,WAS,41,23,18,34.4,3.1,0.2,7.0,5.9,52.7,0.5,57.4,9.3
257,Johnathan Motley,DAL,11,1,10,16.0,3.2,0.6,20.0,5.4,59.3,0.3,62.5,5.0
258,Johnny O'Bryant III,CHA,36,15,21,10.5,1.8,0.4,23.4,3.5,50.8,0.3,56.1,5.1
259,Jon Leuer,DET,8,5,3,17.1,3.1,1.0,32.0,7.4,42.4,0.6,46.3,4.3
260,Jonas Jerebko,UTA,74,45,29,15.3,2.6,0.5,18.7,4.8,54.4,0.3,58.3,4.9
261,Jonas Valanciunas,TOR,77,56,21,22.4,6.2,2.1,33.8,10.3,59.9,0.7,64.2,3.5
262,Jonathan Gibson,BOS,4,2,2,10.0,0.8,0.3,33.3,1.8,42.9,0.0,42.9,8.8
263,Jonathan Isaac,ORL,27,11,16,19.8,3.1,1.1,36.1,6.1,50.6,0.4,54.6,4.3
264,Jonathon Simmons,ORL,69,21,48,29.4,2.6,0.4,16.3,4.6,56.2,0.3,59.5,8.2
265,Jordan Bell,GSW,56,42,14,14.4,2.6,0.8,30.1,4.6,56.4,0.4,61.3,5.2
266,Jordan Clarkson,CLE,81,40,41,23.3,2.0,0.3,15.0,3.8,51.6,0.3,55.7,8.3
267,Jordan Crawford,NOP,4,3,1,7.2,0.3,0.3,100,0.8,33.3,0.0,33.3,8.0
268,Jordan Mickey,MIA,23,15,8,12.3,2.7,1.0,34.9,5.3,51.6,0.7,58.9,3.8
269,Jose Calderon,CLE,57,33,24,16.0,1.2,0.1,8.6,2.3,53.8,0.3,61.9,8.8
270,Josh Gray,PHX,5,0,5,17.3,1.6,0.4,25.0,2.8,57.1,0.0,57.1,6.4
271,Josh Hart,LAL,63,27,36,23.2,3.5,0.9,24.4,6.0,58.5,0.5,63.9,6.7
272,Josh Huestis,OKC,67,43,24,14.4,1.8,0.4,24.6,3.5,50.2,0.3,54.6,6.2
273,Josh Jackson,PHX,77,19,58,25.4,3.3,0.6,18.8,5.6,58.9,0.4,63.7,6.9
274,Josh Magette,ATL,18,3,15,12.0,0.9,0.2,17.6,1.9,50.0,0.1,53.1,10.2
275,Josh McRoberts,DAL,2,2,0,2.9,0.0,0.0,0.0,0.0,0.0,0.0,0.0,0.0
276,Josh Richardson,MIA,80,43,37,33.2,2.6,0.4,13.3,5.3,50.0,0.4,54.0,9.0
277,Josh Smith,NOP,3,2,1,3.9,0.3,0.3,100,0.7,50.0,0.0,50.0,2.0
278,Jrue Holiday,NOP,79,46,33,36.2,3.7,0.7,19.7,6.9,53.9,0.5,58.1,8.6
279,Juancho Hernangomez,DEN,25,15,10,11.1,1.4,0.5,33.3,2.6,55.4,0.3,62.1,4.5
280,Julius Randle,LAL,82,35,47,26.7,5.8,1.6,27.5,9.4,61.7,0.6,65.7,5.2
281,Julyan Stone,CHA,23,10,13,7.6,1.2,0.2,14.3,1.6,75.7,0.0,77.8,6.1
282,Justin Anderson,PHI,37,27,10,13.9,1.8,0.4,23.9,3.2,55.8,0.3,62.0,7.0
283,Justin Holiday,CHI,72,24,48,31.5,3.6,0.5,13.8,6.1,59.1,0.5,64.0,7.2
284,Justin Jackson,SAC,68,21,47,22.2,2.4,0.4,16.9,3.6,65.6,0.1,68.4,7.3
285,Justin Patton,MIN,1,0,1,3.7,0.0,0.0,0.0,0.0,0.0,0.0,0.0,0.0
286,Justise Winslow,MIA,67,32,35,24.7,4.5,1.4,32.2,8.2,54.8,0.8,60.4,5.4
287,Jusuf Nurkic,POR,79,48,31,26.4,6.6,2.4,36.0,11.5,57.0,0.9,62.0,3.9
288,Kadeem Allen,BOS,18,9,9,6.0,0.4,0.1,14.3,0.8,46.7,0.1,50.0,7.8
289,Karl-Anthony Towns,MIN,82,47,35,35.6,9.4,3.5,37.6,14.9,63.2,0.9,67.1,4.4
290,Kawhi Leonard,SAS,9,5,4,23.3,4.0,1.0,25.0,6.2,64.3,0.2,66.7,8.2
291,Kay Felder,DET,16,6,10,8.7,0.9,0.1,13.3,1.2,78.9,0.0,78.9,9.9
292,Kelly Olynyk,MIA,75,41,34,23.3,4.5,1.5,33.6,7.8,57.7,0.5,61.5,4.9
293,Kelly Oubre Jr.,WAS,81,43,38,27.5,3.8,1.0,25.7,6.2,60.7,0.3,64.3,5.3
294,Kemba Walker,CHA,80,36,44,34.2,2.7,0.3,10.6,5.7,47.4,0.7,53.7,9.6
295,Kendrick Perkins,CLE,1,0,1,14.5,1.0,0.0,0.0,3.0,33.3,1.0,50.0,3.7
296,Kenneth Faried,DEN,32,16,16,14.4,2.7,1.0,36.5,4.3,61.2,0.2,63.4,5.1
297,Kent Bazemore,ATL,64,19,45,27.5,3.4,0.6,18.6,6.2,55.4,0.7,62.3,6.7
298,Kentavious Caldwell-Pope,LAL,74,31,43,33.2,4.4,0.7,16.2,7.3,60.9,0.6,65.9,7.1
299,Kevin Durant,GSW,67,48,19,34.1,6.3,1.7,27.1,9.9,64.0,0.5,67.6,6.2
300,Kevin Love,CLE,59,37,22,28.0,7.5,2.4,31.9,11.3,66.9,0.5,70.3,4.4
301,Kevon Looney,GSW,66,45,21,13.8,2.0,0.8,41.7,4.0,50.4,0.2,53.7,6.0
302,Khem Birch,ORL,42,14,28,13.8,2.6,0.9,32.7,4.2,62.5,0.2,65.9,4.7
303,Khris Middleton,MIL,81,44,37,36.4,4.7,1.0,20.9,7.8,60.3,0.5,64.6,6.9
304,Klay Thompson,GSW,72,54,18,34.3,3.4,0.9,25.4,6.2,55.1,0.5,59.8,7.6
305,Kobi Simmons,MEM,32,6,26,20.1,1.1,0.1,5.6,1.9,58.1,0.2,63.2,9.1
306,Kosta Koufos,SAC,71,22,49,19.6,4.5,1.5,32.2,6.9,66.1,0.3,69.5,4.1
307,Kris Dunn,CHI,52,19,33,29.3,3.8,0.6,15.7,7.2,53.0,0.9,60.4,6.8
308,Kristaps Porzingis,NYK,48,22,26,32.4,5.3,1.6,29.9,9.3,56.8,0.5,60.0,4.9
309,Kyle Anderson,SAS,74,41,33,26.7,4.2,0.9,20.5,6.2,68.3,0.4,72.6,6.3
310,Kyle Collinsworth,DAL,32,9,23,15.0,2.3,0.4,16.0,4.0,58.6,0.2,61.0,5.5
311,Kyle Korver,CLE,73,43,30,21.6,2.1,0.5,23.1,4.1,52.0,0.4,57.4,7.7
312,Kyle Kuzma,LAL,77,34,43,31.2,5.1,1.2,23.8,8.7,58.8,0.7,63.9,5.2
313,Kyle Lowry,TOR,78,57,21,32.2,4.7,0.7,15.2,8.4,56.0,0.7,61.3,7.7
314,Kyle O'Quinn,NYK,76,27,49,17.9,4.5,1.8,38.8,7.6,59.2,0.4,62.9,4.1
315,Kyle Singler,OKC,11,5,6,3.3,0.5,0.0,0.0,0.7,75.0,0.0,75.0,6.9
316,Kyrie Irving,BOS,57,38,19,32.2,3.2,0.5,14.8,6.5,49.3,0.6,54.3,8.9
317,LaMarcus Aldridge,SAS,75,45,30,33.4,5.2,1.7,32.4,8.7,59.5,0.7,64.3,6.3
318,Lance Stephenson,IND,82,48,34,22.6,4.4,0.7,15.7,6.5,68.0,0.3,71.4,5.5
319,Lance Thomas,NYK,72,24,48,18.4,1.8,0.4,20.2,3.3,55.1,0.2,59.4,8.7
320,Langston Galloway,DET,58,28,30,14.9,1.4,0.1,8.9,2.4,56.0,0.2,60.8,9.5
321,Larry Drew II,NOP,10,6,4,7.0,0.0,0.0,0.0,0.2,0.0,0.1,0.0,0.0
322,Larry Nance Jr.,CLE,66,32,34,21.5,4.4,1.4,30.9,7.4,59.9,0.4,63.5,5.5
323,Lauri Markkanen,CHI,68,23,45,29.7,6.3,1.5,23.8,9.3,67.7,0.5,71.3,5.4
324,LeBron James,CLE,82,50,32,36.9,7.5,1.5,20.4,11.0,67.8,0.4,70.5,5.7
325,London Perrantes,CLE,14,8,6,4.7,0.2,0.1,33.3,0.4,60.0,0.1,100,9.6
326,Lonzo Ball,LAL,52,24,28,34.2,5.6,1.0,17.9,8.6,65.4,0.5,69.1,6.9
327,Lorenzo Brown,TOR,14,9,5,9.9,1.0,0.4,35.7,1.2,82.4,0.2,100,6.5
328,Lou Williams,LAC,79,42,37,32.8,2.0,0.3,13.3,3.6,55.4,0.2,58.7,11.1
329,Luc Mbah a Moute,HOU,60,52,8,25.6,2.7,1.1,39.5,5.3,50.8,0.8,59.1,7.2
330,Lucas Nogueira,TOR,49,36,13,8.5,1.4,0.4,29.0,2.5,56.1,0.3,62.7,5.1
331,Luis Montero,DET,2,1,1,4.0,1.0,1.0,100,1.5,66.7,0.5,100,3.3
332,Luke Babbitt,MIA,49,15,34,14.1,1.8,0.5,26.4,3.5,50.3,0.3,54.4,6.1
333,Luke Kennard,DET,73,34,39,20.0,2.1,0.3,16.1,3.8,56.2,0.3,61.0,8.6
334,Luke Kornet,NYK,20,6,14,16.3,2.7,1.1,39.6,6.0,44.2,0.5,47.7,5.5
335,Luol Deng,LAL,1,0,1,13.1,0.0,0.0,0.0,0.0,0.0,1.0,0.0,0.0
336,Malachi Richardson,TOR,26,8,18,12.4,1.1,0.3,24.1,1.6,69.0,0.2,76.3,5.1
337,Malcolm Brogdon,MIL,47,25,22,29.8,2.7,0.5,19.7,5.2,52.3,0.4,57.0,7.5
338,Malcolm Delaney,ATL,53,16,37,18.7,1.7,0.3,16.7,3.2,53.6,0.2,57.7,8.7
339,Malcolm Miller,TOR,15,15,0,8.4,0.7,0.1,18.2,1.2,61.1,0.1,68.8,8.5
340,Malik Beasley,DEN,62,34,28,9.4,0.9,0.2,19.3,1.5,62.6,0.1,65.5,7.8
341,Malik Monk,CHA,63,26,37,13.5,0.9,0.1,13.8,1.6,59.2,0.1,63.0,9.5
342,Mangok Mathiang,CHA,4,3,1,4.9,1.8,0.5,28.6,2.5,70.0,0.5,87.5,4.6
343,Manu Ginobili,SAS,65,39,26,20.0,1.9,0.5,25.2,3.6,52.1,0.2,55.9,7.3
344,MarShon Brooks,MEM,7,2,5,27.5,1.9,0.0,0.0,3.4,54.2,0.3,59.1,7.7
345,Marc Gasol,MEM,72,20,52,32.9,7.1,2.3,33.2,11.5,61.5,0.7,65.4,4.5
346,Marcin Gortat,WAS,82,43,39,25.3,5.4,1.2,23.1,9.6,55.9,0.9,61.7,4.2
347,Marco Belinelli,PHI,79,39,40,24.3,1.6,0.2,13.4,3.1,52.3,0.2,56.7,8.1
348,Marcus Georges-Hunt,MIN,42,24,18,5.3,0.2,0.0,22.2,0.3,69.2,0.1,90.0,8.6
349,Marcus Morris,BOS,52,32,20,26.8,4.6,1.0,22.2,7.8,58.6,0.4,62.1,5.5
350,Marcus Paige,CHA,5,4,1,5.6,0.8,0.0,0.0,0.8,100,0.0,100,9.6
351,Marcus Smart,BOS,51,35,16,30.1,2.7,0.7,25.0,5.3,51.7,0.4,55.8,7.9
352,Mario Chalmers,MEM,65,20,45,21.5,2.2,0.3,12.6,4.0,54.6,0.3,59.6,9.2
353,Mario Hezonja,ORL,75,21,54,22.1,3.2,0.7,21.3,5.1,62.7,0.3,65.9,5.7
354,Markel Brown,HOU,4,4,0,7.9,1.0,0.3,25.0,2.0,50.0,0.0,50.0,5.5
355,Markelle Fultz,PHI,14,11,3,18.1,2.3,0.4,15.6,4.3,53.3,0.2,56.1,7.8
356,Markieff Morris,WAS,73,37,36,27.0,4.6,1.3,27.8,7.4,62.1,0.4,65.4,5.8
357,Marquese Chriss,PHX,72,19,53,21.2,4.4,1.3,30.4,7.5,59.2,0.5,63.5,4.4
358,Marquis Teague,MEM,3,0,3,24.6,1.7,0.0,0.0,3.7,45.5,0.0,45.5,10.7
359,Marreese Speights,ORL,52,15,37,13.0,2.2,0.8,34.8,4.2,51.6,0.3,56.3,4.9
360,Marshall Plumlee,MIL,8,5,3,6.5,1.6,0.8,46.2,2.4,68.4,0.0,68.4,4.4
361,Marvin Williams,CHA,78,33,45,25.7,3.8,0.7,19.3,6.3,60.7,0.4,65.1,7.0
362,Mason Plumlee,DEN,74,40,34,19.5,3.6,1.1,29.5,6.1,59.8,0.4,63.8,4.6
363,Matt Costello,SAS,4,2,2,8.0,2.0,1.0,50.0,3.0,66.7,0.3,72.7,5.0
364,Matt Williams Jr.,MIA,3,1,2,3.8,0.3,0.0,0.0,0.7,50.0,0.0,50.0,3.7
365,Matthew Dellavedova,MIL,37,21,16,18.7,1.3,0.2,18.8,2.8,46.6,0.3,52.7,8.8
366,Maurice Harkless,POR,59,36,23,21.4,2.0,0.6,29.3,3.6,54.5,0.3,59.2,6.4
367,Maxi Kleber,DAL,72,20,52,16.8,2.3,0.8,34.4,4.1,55.6,0.3,60.1,5.2
368,Meyers Leonard,POR,33,17,16,7.7,1.8,0.5,27.6,2.5,69.9,0.2,75.3,4.7
369,Michael Beasley,NYK,73,23,50,22.1,4.3,1.2,28.8,6.8,62.4,0.3,65.7,4.5
370,Michael Carter-Williams,CHA,52,23,29,16.1,1.9,0.3,13.9,3.6,54.3,0.3,58.7,7.5
371,Michael Kidd-Gilchrist,CHA,74,34,40,25.0,2.9,0.6,20.6,5.4,54.1,0.5,59.2,8.3
372,Mike Conley,MEM,11,6,5,31.4,2.2,0.1,4.2,4.3,51.1,0.6,60.0,11.1
373,Mike James,NOP,36,11,25,19.1,2.1,0.2,9.1,4.3,49.4,0.4,54.2,9.8
374,Mike Muscala,ATL,53,14,39,20.0,3.3,1.3,38.5,5.9,55.4,0.4,59.2,5.2
375,Mike Scott,WAS,76,39,37,18.5,2.6,0.6,23.9,4.3,61.0,0.2,64.2,6.1
376,Miles Plumlee,ATL,55,19,36,16.7,2.7,0.9,32.5,5.6,48.9,0.8,57.0,4.9
377,Milos Teodosic,LAC,45,29,16,25.2,2.4,0.3,13.6,5.3,46.0,0.4,50.2,8.3
378,Milton Doyle,BKN,10,2,8,12.5,1.5,0.1,6.7,2.8,53.6,0.5,65.2,6.8
379,Mindaugas Kuzminskas,NYK,1,0,1,1.9,0.0,0.0,0.0,0.0,0.0,1.0,0.0,0.0
380,Mirza Teletovic,MIL,9,4,5,15.8,1.9,0.1,5.9,3.9,48.6,0.1,50.0,4.8
381,Monte Morris,DEN,3,2,1,8.4,0.7,0.0,0.0,0.7,100,0.0,100,16.7
382,Montrezl Harrell,LAC,76,39,37,17.0,2.7,0.9,35.5,4.8,55.5,0.3,59.4,5.8
383,Myke Henry,MEM,20,3,17,18.9,1.4,0.4,25.0,3.1,45.2,0.6,54.9,7.1
384,Myles Turner,IND,65,39,26,28.2,5.0,2.0,39.8,9.9,50.2,0.7,54.3,4.4
385,Nate Wolters,UTA,5,3,2,3.8,0.2,0.0,0.0,0.2,100,0.0,100,0.0
386,Naz Mitrou-Long,UTA,1,0,1,0.5,0.0,0.0,0.0,0.0,0.0,0.0,0.0,0.0
387,Nemanja Bjelica,MIN,67,38,29,20.5,3.3,1.0,30.3,5.4,61.2,0.4,66.0,5.8
388,Nene,HOU,51,42,9,14.6,2.4,0.7,28.3,4.2,55.8,0.4,61.2,4.8
389,Nerlens Noel,DAL,30,6,24,15.7,4.0,1.4,34.2,6.4,62.8,0.6,69.8,3.9
390,Nick Collison,OKC,13,9,4,4.4,0.8,0.0,0.0,1.5,57.9,0.1,61.1,4.6
391,Nick Young,GSW,79,55,24,17.5,1.3,0.3,20.2,2.4,54.5,0.2,59.1,8.9
392,Nicolas Batum,CHA,64,27,37,31.0,3.9,0.7,16.9,6.0,64.7,0.5,70.3,6.8
393,Nicolas Brussino,ATL,4,0,4,2.5,0.8,0.0,0.0,0.8,100,0.0,100,7.0
394,Nigel Hayes,SAC,9,6,3,13.6,2.0,0.7,33.3,2.7,75.0,0.0,75.0,7.0
395,Nik Stauskas,BKN,41,14,27,12.8,1.5,0.2,11.7,2.3,63.8,0.2,69.0,7.0
396,Nikola Jokic,DEN,75,43,32,32.6,8.1,2.7,32.9,12.5,64.8,0.6,68.2,4.2
397,Nikola Mirotic,NOP,55,34,21,27.2,6.3,1.5,23.4,9.7,65.2,0.5,68.9,5.2
398,Nikola Vucevic,ORL,57,17,40,29.5,7.4,2.8,37.2,10.9,68.1,0.6,72.3,3.9
399,Noah Vonleh,CHI,54,24,30,16.2,4.5,1.5,33.6,6.8,65.5,0.3,68.5,3.8
400,Norman Powell,TOR,70,51,19,15.2,1.5,0.3,19.0,2.5,60.7,0.2,66.5,6.3
401,OG Anunoby,TOR,74,51,23,20.0,1.9,0.4,22.9,3.0,63.9,0.3,70.4,6.3
402,Okaro White,CLE,6,2,4,13.3,1.3,0.5,37.5,2.8,47.1,0.2,50.0,5.7
403,Omari Johnson,MEM,4,1,3,18.8,1.8,0.3,14.3,5.0,35.0,0.5,38.9,8.3
404,Omer Asik,CHI,18,7,11,10.1,2.1,0.6,26.3,3.8,55.9,0.5,64.4,4.5
405,Omri Casspi,GSW,53,40,13,14.0,3.2,0.5,17.1,5.4,59.6,0.4,64.6,4.6
406,Otto Porter Jr.,WAS,77,42,35,31.6,5.1,1.2,23.7,8.3,61.0,0.4,64.4,6.6
407,PJ Dozier,OKC,2,1,1,1.6,0.5,0.0,0.0,0.5,100,0.0,100,6.6
408,PJ Tucker,HOU,81,65,16,27.8,4.4,1.1,25.3,7.5,59.1,0.5,63.8,6.1
409,Pascal Siakam,TOR,81,59,22,20.7,3.5,1.1,30.9,6.2,57.0,0.3,60.3,5.7
410,Pat Connaughton,POR,82,49,33,18.1,1.5,0.2,16.0,2.7,57.3,0.3,65.4,8.1
411,Patrick Beverley,LAC,11,5,6,30.3,2.6,0.5,20.7,4.6,56.9,0.1,58.0,7.6
412,Patrick McCaw,GSW,57,41,16,16.9,1.2,0.2,18.2,2.1,54.1,0.1,56.9,7.9
413,Patrick Patterson,OKC,79,48,31,15.3,2.0,0.6,31.6,3.6,53.8,0.3,57.8,5.8
414,Patty Mills,SAS,82,47,35,25.7,1.6,0.1,8.6,2.8,56.4,0.2,61.2,11.6
415,Pau Gasol,SAS,77,45,32,23.5,6.4,2.1,33.3,9.8,64.7,0.6,68.7,4.0
416,Paul George,OKC,77,47,30,36.6,4.8,0.9,19.7,8.4,56.4,0.7,61.5,7.0
417,Paul Millsap,DEN,38,22,16,30.1,4.7,1.6,33.3,8.8,53.6,0.7,58.4,5.6
418,Paul Zipser,CHI,54,17,37,15.3,2.2,0.5,23.7,3.8,58.1,0.3,63.8,5.0
419,Quincy Acy,BKN,68,25,43,19.5,3.1,0.7,21.5,5.9,53.5,0.4,57.7,5.1
420,Quincy Pondexter,CHI,23,6,17,8.5,0.8,0.1,10.5,1.7,50.0,0.3,59.4,7.9
421,Quinn Cook,GSW,33,21,12,22.4,2.2,0.3,12.5,4.5,48.0,0.4,52.6,8.0
422,RJ Hunter,HOU,5,3,2,9.0,1.0,0.2,20.0,1.2,83.3,0.4,125.0,7.8
423,Rajon Rondo,NOP,64,40,24,26.2,3.6,0.4,10.9,6.3,56.7,0.3,59.9,8.4
424,Ramon Sessions,WAS,28,10,18,14.0,1.1,0.0,0.0,2.0,56.1,0.1,59.3,9.3
425,Rashad Vaughn,ORL,28,13,15,7.6,0.6,0.1,22.2,1.3,50.0,0.1,54.5,8.3
426,Raul Neto,UTA,41,28,13,12.2,1.0,0.0,4.8,2.0,50.0,0.2,56.0,9.9
427,Raymond Felton,OKC,79,48,31,16.6,1.6,0.3,17.5,2.8,57.3,0.3,64.3,8.9
428,Reggie Bullock,DET,62,32,30,27.9,2.0,0.5,23.6,3.6,56.4,0.3,61.4,8.8
429,Reggie Hearn,DET,3,3,0,2.2,0.0,0.0,0.0,0.0,0.0,0.0,0.0,0.0
430,Reggie Jackson,DET,45,27,18,26.7,2.1,0.2,11.5,4.1,51.6,0.6,59.6,8.7
431,Richard Jefferson,DEN,20,10,10,8.2,0.8,0.2,20.0,1.5,51.7,0.3,62.5,6.9
432,Richaun Holmes,PHI,47,30,17,15.5,3.2,1.1,35.3,5.7,56.0,0.4,59.8,4.5
433,Ricky Rubio,UTA,77,44,33,29.3,4.0,0.6,14.0,6.5,61.2,0.5,66.5,8.6
434,Robert Covington,PHI,79,51,28,31.7,4.8,1.2,25.5,8.8,53.8,0.8,58.8,6.9
435,Robin Lopez,CHI,64,23,41,26.4,2.4,1.0,39.1,5.4,45.1,0.9,54.0,5.8
436,Rodney Hood,CLE,60,29,31,26.9,2.4,0.3,11.2,4.3,55.9,0.3,60.6,8.6
437,Rodney McGruder,MIA,18,11,7,16.6,1.2,0.1,4.5,2.6,46.8,0.2,50.0,6.2
438,Rodney Purvis,ORL,16,5,11,18.1,1.6,0.2,11.5,2.8,57.8,0.1,59.1,6.8
439,Ron Baker,NYK,28,11,17,13.1,0.9,0.1,16.7,1.8,49.0,0.1,51.1,9.9
440,Rondae Hollis-Jefferson,BKN,66,25,41,28.0,5.3,1.6,30.5,9.4,56.3,0.8,61.6,4.9
441,Royce O'Neale,UTA,69,43,26,16.7,3.1,0.9,30.3,4.8,64.3,0.4,69.6,5.3
442,Rudy Gay,SAS,57,36,21,21.6,3.8,1.0,27.4,7.0,54.2,0.6,59.1,5.1
443,Rudy Gobert,UTA,56,37,19,32.4,7.8,2.3,29.1,13.8,56.5,1.1,61.3,3.8
444,Russell Westbrook,OKC,77,47,30,36.4,8.1,1.3,15.7,11.6,70.1,0.5,73.0,6.7
445,Ryan Anderson,HOU,65,52,13,26.1,3.6,1.2,34.6,6.2,58.1,0.4,62.2,5.7
446,Ryan Arcidiacono,CHI,24,6,18,12.7,1.0,0.1,8.3,1.5,68.6,0.1,72.7,8.3
447,Salah Mejri,DAL,61,21,40,11.9,2.6,1.0,37.3,4.7,56.1,0.4,61.0,4.1
448,Sam Dekker,LAC,73,36,37,12.1,1.8,0.4,23.1,3.2,55.3,0.3,60.7,5.8
449,Scotty Hopson,DAL,1,0,1,8.4,0.0,0.0,0.0,0.0,0.0,0.0,0.0,0.0
450,Sean Kilpatrick,CHI,52,22,30,12.3,1.6,0.2,11.0,2.4,66.7,0.2,73.9,7.6
451,Semi Ojeleye,BOS,70,47,23,16.2,1.8,0.6,35.5,3.2,55.1,0.3,59.9,7.0
452,Serge Ibaka,TOR,76,53,23,27.5,5.3,1.4,26.0,9.1,58.1,0.7,63.0,4.2
453,Shabazz Muhammad,MIL,43,25,18,9.7,1.2,0.3,28.3,1.8,67.1,0.1,70.7,4.4
454,Shabazz Napier,POR,74,46,28,20.7,1.9,0.2,8.3,3.9,50.0,0.5,56.7,8.5
455,Shane Larkin,BOS,51,36,15,14.6,1.5,0.2,14.7,2.5,59.5,0.2,64.1,8.4
456,Shaquille Harrison,PHX,23,3,20,16.7,2.3,0.4,19.2,3.7,60.5,0.2,64.2,8.9
457,Shaun Livingston,GSW,70,48,22,15.9,1.4,0.3,22.9,2.6,52.2,0.2,57.1,8.5
458,Shelvin Mack,ORL,69,21,48,19.8,2.1,0.2,10.5,3.7,56.5,0.3,61.1,9.4
459,Sindarius Thornwell,LAC,73,36,37,15.8,1.5,0.5,30.8,2.8,52.5,0.3,59.4,7.4
460,Skal Labissiere,SAC,60,19,41,20.7,3.2,1.0,30.7,5.9,53.2,0.6,58.7,5.4
461,Solomon Hill,NOP,12,8,4,15.6,2.3,0.4,18.5,3.8,60.0,0.3,64.3,8.4
462,Spencer Dinwiddie,BKN,78,27,51,28.9,2.7,0.4,13.1,4.5,60.2,0.3,63.8,8.3
463,Stanley Johnson,DET,69,33,36,27.4,3.2,0.6,19.2,5.7,55.9,0.5,61.0,7.4
464,Stephen Curry,GSW,50,40,10,31.9,4.4,0.7,16.7,8.0,55.4,0.7,60.3,8.4
465,Sterling Brown,MIL,54,26,28,14.4,2.1,0.4,19.0,3.6,60.4,0.4,67.4,5.9
466,Steven Adams,OKC,74,43,31,32.9,4.0,1.5,36.9,8.0,49.7,0.7,54.2,5.4
467,T.J. McConnell,PHI,75,50,25,22.4,2.5,0.3,11.4,4.1,60.5,0.3,64.5,9.1
468,TJ Leaf,IND,53,31,22,8.7,1.0,0.2,24.5,1.8,54.6,0.2,60.9,5.7
469,TJ Warren,PHX,65,18,47,33.0,3.2,1.0,31.7,5.6,57.5,0.3,61.0,8.3
470,Taj Gibson,MIN,82,47,35,33.2,4.8,1.2,25.1,8.7,54.4,0.5,57.9,5.6
471,Tarik Black,HOU,51,40,11,10.5,2.0,0.6,32.0,3.4,58.5,0.3,63.7,5.1
472,Taurean Prince,ATL,81,24,57,30.0,4.1,0.9,21.2,7.0,59.1,0.6,64.7,6.4
473,Terrance Ferguson,OKC,59,37,22,12.6,0.5,0.1,28.6,1.1,44.4,0.1,48.3,9.9
474,Terrence Ross,ORL,24,10,14,25.0,2.6,0.4,14.3,4.5,58.9,0.3,63.0,8.0
475,Terry Rozier,BOS,77,51,26,26.0,3.9,0.7,18.4,6.8,56.8,0.6,62.4,7.2
476,Thabo Sefolosha,UTA,38,16,22,21.2,3.5,1.0,28.0,5.7,61.1,0.4,66.0,5.9
477,Thaddeus Young,IND,81,48,33,32.2,4.0,1.1,26.8,7.2,55.9,0.5,60.3,6.6
478,Thomas Bryant,LAL,15,7,8,4.8,0.9,0.4,42.9,1.3,70.0,0.1,73.7,4.5
479,Thon Maker,MIL,73,40,33,16.8,2.0,0.7,32.4,4.6,44.0,0.5,49.2,6.2
480,Tim Frazier,WAS,59,31,28,14.2,1.6,0.2,11.3,3.0,54.5,0.4,63.0,8.8
481,Tim Hardaway Jr.,NYK,57,19,38,33.1,3.4,0.4,10.9,6.0,56.5,0.5,61.3,8.3
482,Tim Quarterman,HOU,3,2,1,4.2,1.0,0.7,66.7,1.0,100,0.0,100,6.1
483,Timofey Mozgov,BKN,29,11,18,11.9,2.2,0.8,34.9,3.8,57.3,0.4,63.6,4.2
484,Timothe Luwawu-Cabarrot,PHI,51,29,22,15.6,1.1,0.2,15.5,2.5,45.0,0.3,50.0,8.5
485,Tobias Harris,LAC,80,39,41,33.3,4.7,1.2,25.1,8.7,54.5,0.7,59.0,5.8
486,Tomas Satoransky,WAS,73,39,34,22.5,2.2,0.4,17.4,3.9,56.3,0.3,60.8,9.1
487,Tony Allen,NOP,20,11,9,12.4,1.1,0.2,18.2,1.9,57.9,0.1,59.5,6.1
488,Tony Bradley,UTA,9,6,3,3.2,0.8,0.4,57.1,1.4,53.8,0.2,63.6,3.4
489,Tony Parker,SAS,55,32,23,19.5,1.6,0.2,10.2,2.5,63.8,0.2,70.4,10.0
490,Tony Snell,MIL,74,42,32,27.4,1.8,0.2,13.7,3.6,48.9,0.4,54.1,8.9
491,Torrey Craig,DEN,39,22,17,16.1,2.2,0.6,25.3,4.0,55.4,0.4,60.8,6.1
492,Travis Wear,LAL,17,7,10,13.4,2.2,0.8,36.8,3.6,62.3,0.4,70.4,6.6
493,Treveon Graham,CHA,63,28,35,16.7,1.3,0.3,25.3,2.8,44.6,0.3,49.7,8.6
494,Trevor Ariza,HOU,66,51,15,33.8,3.9,0.7,18.8,6.2,62.6,0.5,67.9,7.2
495,Trevor Booker,IND,67,36,31,17.1,3.0,0.9,28.5,5.5,54.1,0.5,59.0,5.2
496,Trey Burke,NYK,36,10,26,21.8,1.6,0.2,12.1,3.1,52.3,0.3,56.9,9.9
497,Trey Lyles,DEN,73,41,32,19.1,4.0,1.1,26.7,6.4,62.4,0.4,66.8,4.6
498,Trey McKinney-Jones,IND,1,1,0,1.2,0.0,0.0,0.0,0.0,0.0,0.0,0.0,0.0
499,Tristan Thompson,CLE,53,27,26,20.2,4.3,0.6,15.0,7.1,60.3,0.5,65.1,5.4
500,Troy Daniels,PHX,79,20,59,20.5,1.5,0.3,20.9,2.7,54.0,0.3,60.5,7.3
501,Troy Williams,NYK,21,7,14,14.6,2.0,0.4,19.5,2.9,67.2,0.1,70.7,5.6
502,Tyler Cavanaugh,ATL,38,11,27,13.2,2.1,0.5,25.0,3.8,55.9,0.2,59.3,4.9
503,Tyler Dorsey,ATL,56,15,41,17.4,2.0,0.2,11.5,3.6,55.9,0.3,61.7,7.2
504,Tyler Ennis,LAL,54,22,32,12.7,1.4,0.2,13.2,2.3,61.8,0.1,65.0,7.9
505,Tyler Johnson,MIA,71,38,33,28.5,3.0,0.6,20.5,5.8,51.2,0.5,56.5,7.4
506,Tyler Lydon,DEN,1,1,0,2.2,0.0,0.0,0.0,0.0,0.0,0.0,0.0,0.0
507,Tyler Ulis,PHX,71,20,51,23.4,1.5,0.2,10.6,2.7,54.7,0.3,60.8,11.3
508,Tyler Zeller,MIL,64,26,38,16.7,2.9,0.8,29.0,5.2,54.8,0.5,60.0,4.9
509,Tyreke Evans,MEM,51,18,33,31.1,4.2,0.8,19.9,7.3,58.1,0.5,61.9,7.7
510,Tyrone Wallace,LAC,30,17,13,28.4,2.8,0.5,16.7,4.7,60.0,0.4,65.6,8.6
511,Tyson Chandler,PHX,46,15,31,25.0,6.2,1.9,31.3,10.2,60.3,0.7,64.7,4.2
512,Tyus Jones,MIN,82,47,35,17.9,1.4,0.2,12.1,2.5,56.3,0.3,62.7,9.6
513,Udonis Haslem,MIA,14,9,5,5.1,0.5,0.1,14.3,1.1,46.7,0.1,53.8,5.0
514,Vander Blue,LAL,5,1,4,9.0,0.2,0.0,0.0,0.2,100,0.2,0.0,7.2
515,Victor Oladipo,IND,75,48,27,34.0,4.6,1.0,22.4,8.3,55.0,0.6,59.5,6.7
516,Vince Carter,SAC,58,20,38,17.7,2.2,0.6,27.7,4.3,51.6,0.3,56.0,5.4
517,Vincent Hunter,MEM,4,0,4,1.8,0.3,0.3,100,0.5,50.0,0.0,50.0,5.7
518,Wade Baldwin IV,POR,7,4,3,11.5,1.0,0.0,0.0,1.6,63.6,0.1,70.0,7.6
519,Walter Lemon Jr.,NOP,5,4,1,7.0,0.4,0.0,0.0,0.2,200.0,0.0,200.0,13.5
520,Wayne Ellington,MIA,76,41,35,26.6,2.5,0.3,11.9,4.3,58.7,0.3,63.5,8.4
521,Wayne Selden,MEM,35,10,25,19.8,1.1,0.3,27.5,1.9,61.5,0.1,65.6,10.8
522,Wes Iwundu,ORL,62,18,44,16.5,1.6,0.4,25.7,3.2,50.2,0.5,59.8,4.7
523,Wesley Johnson,LAC,74,38,36,20.1,2.5,0.6,23.0,4.7,54.0,0.3,58.1,7.2
524,Wesley Matthews,DAL,63,20,43,33.8,2.7,0.5,17.1,4.6,58.8,0.3,63.7,9.0
525,Will Barton,DEN,81,46,35,33.1,4.2,0.7,16.2,7.2,58.1,0.6,63.5,5.8
526,Willie Cauley-Stein,SAC,73,23,50,28.0,5.2,1.4,26.6,8.8,58.7,0.5,61.9,4.7
527,Willie Reed,DET,42,20,22,10.2,2.0,0.6,31.4,4.0,51.5,0.3,55.5,4.8
528,Willy Hernangomez,CHA,48,20,28,10.3,2.5,0.8,31.1,4.0,62.9,0.4,70.5,4.1
529,Wilson Chandler,DEN,74,41,33,31.7,4.0,0.9,23.3,6.2,64.3,0.4,68.7,7.1
530,Xavier Munford,MIL,6,2,4,3.5,0.0,0.0,0.0,0.0,0.0,0.0,0.0,0.0
531,Xavier Rathan-Mayes,MEM,5,0,5,23.6,1.0,0.0,0.0,2.0,50.0,0.0,50.0,10.0
532,Xavier Silas,BOS,2,1,1,3.7,0.5,0.0,0.0,1.0,50.0,0.0,50.0,5.9
533,Yogi Ferrell,DAL,82,24,58,27.8,2.7,0.5,17.5,5.3,50.9,0.5,56.2,8.1
534,Zach Collins,POR,66,41,25,15.8,2.7,0.8,31.8,4.7,57.0,0.3,60.7,5.1
535,Zach LaVine,CHI,24,9,15,27.3,3.5,0.7,18.8,5.4,65.9,0.3,69.7,6.7
536,Zach Randolph,SAC,59,18,41,25.6,5.1,1.4,27.0,8.0,63.3,0.6,68.3,4.3
537,Zaza Pachulia,GSW,68,46,22,14.0,3.3,0.9,26.5,5.9,56.6,0.4,61.1,4.3
538,Zhou Qi,HOU,18,14,4,6.9,0.9,0.4,50.0,1.8,48.5,0.1,51.6,4.7
